k,hit_at_k_all,precision_at_k_all,hit_at_k_active,precision_at_k_active,users_all,users_active,growth_band,cutoff_submission_id
1,0.009,0.009,0.009,0.009,1000,1000,"[0.4,0.7]",240000
3,0.029,0.009666666666666665,0.029,0.009666666666666665,1000,1000,"[0.4,0.7]",240000
5,0.047,0.009800000000000001,0.047,0.009800000000000001,1000,1000,"[0.4,0.7]",240000
10,0.091,0.009800000000000001,0.091,0.009800000000000001,1000,1000,"[0.4,0.7]",240000
