k,hit_at_k_all,precision_at_k_all,hit_at_k_active,precision_at_k_active,users_all,users_active,growth_band,cutoff_submission_id
1,0.012,0.012,0.012,0.012,1000,1000,"[0.4,0.7]",240000
3,0.036,0.013,0.036,0.013,1000,1000,"[0.4,0.7]",240000
5,0.053,0.011800000000000001,0.053,0.011800000000000001,1000,1000,"[0.4,0.7]",240000
10,0.089,0.010500000000000002,0.089,0.010500000000000002,1000,1000,"[0.4,0.7]",240000
