k,hit_at_k_all,precision_at_k_all,hit_at_k_active,precision_at_k_active,users_all,users_active,growth_band,cutoff_submission_id
1,0.0,0.0,0.0,0.0,1000,1000,"[0.4,0.7]",80000
3,0.005,0.0016666666666666666,0.005,0.0016666666666666666,1000,1000,"[0.4,0.7]",80000
5,0.015,0.003,0.015,0.003,1000,1000,"[0.4,0.7]",80000
10,0.031,0.0031,0.031,0.0031,1000,1000,"[0.4,0.7]",80000
