k,hit_at_k_all,precision_at_k_all,hit_at_k_active,precision_at_k_active,users_all,users_active,growth_band,cutoff_submission_id
1,0.004,0.004,0.004,0.004,1000,1000,"[0.4,0.7]",240000
3,0.014,0.004666666666666666,0.014,0.004666666666666666,1000,1000,"[0.4,0.7]",240000
5,0.035,0.0074,0.035,0.0074,1000,1000,"[0.4,0.7]",240000
10,0.082,0.01,0.082,0.01,1000,1000,"[0.4,0.7]",240000
