variant,k,hit_at_k_all,precision_at_k_all,hit_at_k_active,precision_at_k_active,users_all,users_active,growth_band,cutoff_submission_id
strict,1,0.002002002002002002,0.002002002002002002,0.002002002002002002,0.002002002002002002,999,999,"[0.4,0.7]",240000
strict,3,0.016016016016016016,0.005338672005338671,0.016016016016016016,0.005338672005338671,999,999,"[0.4,0.7]",240000
strict,5,0.036036036036036036,0.007607607607607609,0.036036036036036036,0.007607607607607609,999,999,"[0.4,0.7]",240000
strict,10,0.07607607607607608,0.009409409409409408,0.07607607607607608,0.009409409409409408,999,999,"[0.4,0.7]",240000
leaky,1,0.018018018018018018,0.018018018018018018,0.018018018018018018,0.018018018018018018,999,999,"[0.4,0.7]",240000
leaky,3,0.03903903903903904,0.014014014014014014,0.03903903903903904,0.014014014014014014,999,999,"[0.4,0.7]",240000
leaky,5,0.05305305305305305,0.012212212212212211,0.05305305305305305,0.012212212212212211,999,999,"[0.4,0.7]",240000
leaky,10,0.08608608608608609,0.01021021021021021,0.08608608608608609,0.01021021021021021,999,999,"[0.4,0.7]",240000
