model,accuracy,precision,recall,f1
logreg,0.6756,0.6808447937131631,0.6815142576204523,0.6811793611793612
svm_linear,0.6748,0.6806979495268138,0.6789577187807276,0.6798267204883331
tree,0.66465,0.6720317933432688,0.6650934119960669,0.6685446009389672
