model,accuracy,precision,recall,f1
logreg,0.6832166666666667,0.6811729033147268,0.6696135216610778,0.6753437526688871
svm_linear,0.68325,0.6814449351366271,0.6690038275243031,0.6751670740253303
tree,0.67425,0.6717620326378847,0.6609084442637944,0.6662910413358603
