model,accuracy,precision,recall,f1
logreg,0.67565,0.682706617720012,0.6765978367748279,0.6796385006666996
svm_linear,0.67515,0.6826454500248632,0.6749262536873156,0.6787639060568603
tree,0.61255,0.6220139098881161,0.6067846607669617,0.6143049126474541
