model,accuracy,precision,recall,f1
tree,0.628075,0.5444498668758764,0.3710228755693634,0.44130938223696564
logreg,0.6071283333333334,0.5433902984719379,0.04805385062261625,0.08829911082060544
svm_linear,0.6057133333333333,0.5374557760344563,0.02941746019718286,0.055781726455609304
