model,accuracy,precision,recall,f1
svm_linear,0.6871666666666667,0.6811672338848266,0.6847203874944958,0.6829391891891892
logreg,0.6869333333333333,0.6810045508174617,0.6842800528401585,0.6826383726431033
tree,0.6787833333333333,0.6757544581618655,0.6674457202858788,0.6715743912206261
